<map proto="1.4.0">
  <name>Stairs to Nowhere</name>
  <version>1.0.0</version>
  <objective>Bring flags to your team's flagpost to earn points. Steal flags from the enemy team to prevent them from gaining points.</objective>
  <authors>
    <author uuid="a1e6faac-7bfa-4f5c-b5df-06942518d218"/> <!-- EpicPuppy613 -->
  </authors>
  <contributers>
    <contributer uuid="b5d34569-d365-4626-9865-1e4e2da7dda8" contribution="building help"/> <!--NxRawrr-->
  </contributers>
  <gamemode>kotf</gamemode>
  <gamemode>rage</gamemode>
  <teams>
    <team id="red" color="dark red" max="30" max-overfill="40">Red</team>
	<team id="blue" color="blue" max="30" max-overfill="40">Blue</team>
  </teams>
  <world>
    <timeset>6000</timeset>
  </world>
  <itemremove>
    <item>diamond sword</item>
	<item>bow</item>
	<item>leather helmet</item>
	<item>leather boots</item>
	<item>stick</item>
	<item>bread</item>
  </itemremove>
  <filters>
    <all id="flag-blue-north">
      <not>
        <any>
          <flag-returned post="blue-north">flag1</flag-returned>
  	      <flag-captured post="blue-north">flag1</flag-captured>
		  <flag-returned post="blue-north">flag2</flag-returned>
  	      <flag-captured post="blue-north">flag2</flag-captured>
		  <flag-returned post="blue-north">flag3</flag-returned>
  	      <flag-captured post="blue-north">flag3</flag-captured>
		  <flag-returned post="blue-north">flag4</flag-returned>
  	      <flag-captured post="blue-north">flag4</flag-captured>
  	    </any>
	  </not>
	  <team>blue</team>
	</all>
    <all id="flag-blue-top">
      <not>
        <any>
          <flag-returned post="blue-top">flag1</flag-returned>
  	      <flag-captured post="blue-top">flag1</flag-captured>
		  <flag-returned post="blue-top">flag2</flag-returned>
  	      <flag-captured post="blue-top">flag2</flag-captured>
		  <flag-returned post="blue-top">flag3</flag-returned>
  	      <flag-captured post="blue-top">flag3</flag-captured>
		  <flag-returned post="blue-top">flag4</flag-returned>
  	      <flag-captured post="blue-top">flag4</flag-captured>
  	    </any>
	  </not>
	  <team>blue</team>
	</all>
    <all id="flag-blue-bottom">
      <not>
        <any>
          <flag-returned post="blue-bottom">flag1</flag-returned>
  	      <flag-captured post="blue-bottom">flag1</flag-captured>
		  <flag-returned post="blue-bottom">flag2</flag-returned>
  	      <flag-captured post="blue-bottom">flag2</flag-captured>
		  <flag-returned post="blue-bottom">flag3</flag-returned>
  	      <flag-captured post="blue-bottom">flag3</flag-captured>
		  <flag-returned post="blue-bottom">flag4</flag-returned>
  	      <flag-captured post="blue-bottom">flag4</flag-captured>
  	    </any>
	  </not>
	  <team>blue</team>
	</all>
    <all id="flag-blue-south">
      <not>
        <any>
          <flag-returned post="blue-south">flag1</flag-returned>
  	      <flag-captured post="blue-south">flag1</flag-captured>
		  <flag-returned post="blue-south">flag2</flag-returned>
  	      <flag-captured post="blue-south">flag2</flag-captured>
		  <flag-returned post="blue-south">flag3</flag-returned>
  	      <flag-captured post="blue-south">flag3</flag-captured>
		  <flag-returned post="blue-south">flag4</flag-returned>
  	      <flag-captured post="blue-south">flag4</flag-captured>
  	    </any>
	  </not>
	  <team>blue</team>
	</all>
    <all id="flag-red-north">
      <not>
        <any>
          <flag-returned post="red-north">flag1</flag-returned>
  	      <flag-captured post="red-north">flag1</flag-captured>
		  <flag-returned post="red-north">flag2</flag-returned>
  	      <flag-captured post="red-north">flag2</flag-captured>
		  <flag-returned post="red-north">flag3</flag-returned>
  	      <flag-captured post="red-north">flag3</flag-captured>
		  <flag-returned post="red-north">flag4</flag-returned>
  	      <flag-captured post="red-north">flag4</flag-captured>
  	    </any>
	  </not>
	  <team>red</team>
	</all>
    <all id="flag-red-top">
      <not>
        <any>
          <flag-returned post="red-top">flag1</flag-returned>
  	      <flag-captured post="red-top">flag1</flag-captured>
		  <flag-returned post="red-top">flag2</flag-returned>
  	      <flag-captured post="red-top">flag2</flag-captured>
		  <flag-returned post="red-top">flag3</flag-returned>
  	      <flag-captured post="red-top">flag3</flag-captured>
		  <flag-returned post="red-top">flag4</flag-returned>
  	      <flag-captured post="red-top">flag4</flag-captured>
  	    </any>
	  </not>
	  <team>red</team>
	</all>
    <all id="flag-red-bottom">
      <not>
        <any>
          <flag-returned post="red-bottom">flag1</flag-returned>
  	      <flag-captured post="red-bottom">flag1</flag-captured>
		  <flag-returned post="red-bottom">flag2</flag-returned>
  	      <flag-captured post="red-bottom">flag2</flag-captured>
		  <flag-returned post="red-bottom">flag3</flag-returned>
  	      <flag-captured post="red-bottom">flag3</flag-captured>
		  <flag-returned post="red-bottom">flag4</flag-returned>
  	      <flag-captured post="red-bottom">flag4</flag-captured>
  	    </any>
	  </not>
	  <team>red</team>
	</all>
    <all id="flag-red-south">
      <not>
        <any>
          <flag-returned post="red-south">flag1</flag-returned>
  	      <flag-captured post="red-south">flag1</flag-captured>
		  <flag-returned post="red-south">flag2</flag-returned>
  	      <flag-captured post="red-south">flag2</flag-captured>
		  <flag-returned post="red-south">flag3</flag-returned>
  	      <flag-captured post="red-south">flag3</flag-captured>
		  <flag-returned post="red-south">flag4</flag-returned>
  	      <flag-captured post="red-south">flag4</flag-captured>
  	    </any>
	  </not>
	  <team>red</team>
	</all>
    <team id="red-only">red</team>
	<team id="blue-only">blue</team>
  </filters>
  <regions>
    <apply block="never"/>
  </regions>
  <kits>
    <kit id="spawn" force="true">
      <item slot="0" material="diamond sword"><enchantment level="1">sharpness</enchantment></item>
      <item slot="1" material="bow"><enchantment level="1">power</enchantment></item>
      <item slot="2" material="stick"><enchantment level="3">knockback</enchantment></item>
      <item slot="8" amount="64" material="bread"/>
	  <item slot="3" material="golden apple"/>
	  <item slot="4" amount="3" material="arrow"/>
      <effect duration="5" amplifier="5">resistance</effect>
    </kit>
    <kit id="kit-red" parents="spawn">
      <helmet material="leather helmet" color="993333"/>
	  <boots material="leather boots" color="993333"><enchantment level="1">feather_falling</enchantment></boots>
    </kit>
    <kit id="kit-blue" parents="spawn">
	  <helmet material="leather helmet" color="334CB2"/>
	  <boots material="leather boots" color="334CB2"><enchantment level="1">feather_falling</enchantment></boots>
    </kit>
  </kits>
  <spawns>
    <spawn team="red" kit="kit-red" yaw="-90"><region><block>-70,87,0</block></region></spawn>
	<spawn team="blue" kit="kit-blue" yaw="90"><region><block>70,87,0</block></region></spawn>
	<default><region><block>0,107,-61</block></region></default>
  </spawns>
  <rage/>
  <flags>
    <flags recover-time="15s" respawn-time="5s">
      <post id="center-north">0,87,-30</post>
	  <post id="center-top">0,102,0</post>
	  <post id="center-bottom">0,62,0</post>
	  <post id="center-south">0,87,30</post>
      <flags owner="red" pickup-filter="blue-only" points-rate="1" yaw="-90">
	    <post id="red-north">-40,87,-10</post>
	    <post id="red-top">-40,92,0</post>
	    <post id="red-bottom">-40,82,0</post>
	    <post id="red-south">-40,87,10</post>
	  </flags>
	  <flags owner="blue" pickup-filter="red-only" points-rate="1" yaw="90">
	    <post id="blue-north">40,87,-10</post>
	    <post id="blue-top">40,92,0</post>
	    <post id="blue-bottom">40,82,0</post>
	    <post id="blue-south">40,87,10</post>
	  </flags>
	</flags>
	<flags owner="blue" capture-filter="blue-only" sticky="false">
	  <net id="net-blue-north" capture-filter="flag-blue-north" post="blue-north"><region><cuboid min="39,87,-11" max="41,89,-9"/></region></net>
	  <net id="net-blue-top" capture-filter="flag-blue-top" post="blue-top"><region><cuboid min="39,92,-1" max="41,94,1"/></region></net>
	  <net id="net-blue-bottom" capture-filter="flag-blue-bottom" post="blue-bottom"><region><cuboid min="39,82,-1" max="41,84,1"/></region></net>
	  <net id="net-blue-south" capture-filter="flag-blue-south" post="blue-south"><region><cuboid min="39,87,9" max="41,89,11"/></region></net>
	</flags>
	<flags owner="red" capture-filter="red-only" sticky="false">
	  <net id="net-red-north" capture-filter="flag-red-north" post="red-north"><region><cuboid min="-41,87,-11" max="-39,89,-9"/></region></net>
	  <net id="net-red-top" capture-filter="flag-red-top" post="red-top"><region><cuboid min="-41,92,-1" max="-39,94,1"/></region></net>
	  <net id="net-red-bottom" capture-filter="flag-red-bottom" post="red-bottom"><region><cuboid min="-41,82,-1" max="-39,84,1"/></region></net>
	  <net id="net-red-south" capture-filter="flag-red-south" post="red-south"><region><cuboid min="-41,87,9" max="-39,89,11"/></region></net>
	</flags>
	<flag name="Flag 1" id="flag1" color="purple" post="center-north" shared="true"></flag>
	<flag name="Flag 2" id="flag2" color="purple" post="center-top" shared="true"></flag>
	<flag name="Flag 3" id="flag3" color="purple" post="center-bottom" shared="true"></flag>
	<flag name="Flag 4" id="flag4" color="purple" post="center-south" shared="true"></flag>
  </flags>
  <score>
    <limit>1000</limit>
  </score>
  <kill-rewards>
    <kill-reward><item material="golden apple"/><item material="arrow"/></kill-reward>
  </kill-rewards>
</map>